{"cameraMode":{"drawMode":0,"name":"Shaded","section":"Shading Mode"},"sceneLighting":true,"audioPlay":false,"sceneViewState":{"m_AlwaysRefresh":false,"showFog":true,"showSkybox":true,"showFlares":true,"showImageEffects":true,"showParticleSystems":true,"showVisualEffectGraphs":true,"m_FxEnabled":true},"in2DMode":false,"pivot":{"x":497.1754150390625,"y":33.912654876708987,"z":-76.76996612548828},"rotation":{"x":0.007472546771168709,"y":0.08539347350597382,"z":-0.0006404732703231275,"w":0.9963196516036987},"size":29.682153701782228,"orthographic":false}