{"cameraMode":{"drawMode":0,"name":"Shaded","section":"Shading Mode"},"sceneLighting":false,"audioPlay":false,"sceneViewState":{"m_AlwaysRefresh":false,"showFog":true,"showSkybox":false,"showFlares":true,"showImageEffects":true,"showParticleSystems":true,"showVisualEffectGraphs":true,"m_FxEnabled":true},"in2DMode":false,"pivot":{"x":11.297415733337403,"y":20.355525970458986,"z":-48.11917495727539},"rotation":{"x":0.647568941116333,"y":0.0034290191251784565,"z":-0.0029141088016331197,"w":0.7619937062263489},"size":0.8660253882408142,"orthographic":true}